{
  "weights[1][3][3]": -0.3945744037628174,
  "weights[1][3][1]": 0.46797776222229004,
  "biases[1][2][0]": 0.06994962692260742,
  "weights[2][0][0]": -0.999150276184082,
  "weights[2][0][2]": -0.026115059852600098,
  "weights[1][0][2]": -0.0849463939666748,
  "weights[1][0][0]": 0.18333125114440918,
  "weights[1][2][0]": 0.2677435874938965,
  "weights[1][2][2]": -0.2847938537597656,
  "biases[2][0][0]": -0.5796453952789307,
  "biases[1][3][0]": 0.3556455373764038,
  "weights[1][1][2]": 0.029034018516540527,
  "weights[2][1][2]": -0.2035973072052002,
  "weights[1][1][0]": 0.7958370447158813,
  "weights[2][1][0]": -0.44883763790130615,
  "weights[1][3][2]": -0.1802680492401123,
  "weights[1][3][0]": -0.8310461044311523,
  "weights[1][0][3]": 0.9568219184875488,
  "weights[2][0][1]": 0.7457202672958374,
  "weights[1][0][1]": 0.6825834512710571,
  "biases[1][0][0]": -0.49437499046325684,
  "weights[2][0][3]": -0.24724137783050537,
  "weights[1][2][1]": 0.48409414291381836,
  "weights[1][2][3]": -0.10487425327301025,
  "biases[1][1][0]": -0.7424335479736328,
  "weights[2][1][3]": -0.44343554973602295,
  "weights[1][1][3]": -0.17908906936645508,
  "biases[2][1][0]": -0.1582653522491455,
  "weights[2][1][1]": -0.485204815864563,
  "weights[1][1][1]": 0.05759251117706299
}