{
  "weights[1][3][3]": -0.1477353572845459,
  "weights[1][3][1]": 0.02184879779815674,
  "biases[1][2][0]": -0.2918933629989624,
  "weights[2][0][0]": 0.18480372428894043,
  "weights[1][0][4]": -0.7473292350769043,
  "weights[2][0][2]": -0.013125300407409668,
  "weights[1][0][2]": 0.08726727962493896,
  "weights[1][0][0]": -0.5417028665542603,
  "weights[1][2][0]": 0.007753729820251465,
  "weights[1][2][2]": 0.4105980396270752,
  "biases[2][0][0]": -0.8939460515975952,
  "weights[1][2][4]": -0.36072981357574463,
  "biases[1][3][0]": 0.7667276859283447,
  "weights[1][1][4]": 0.12211048603057861,
  "weights[1][1][2]": -0.7210712432861328,
  "weights[2][1][2]": -0.8594896793365479,
  "weights[1][1][0]": 0.6716791391372681,
  "weights[2][1][0]": 0.29203343391418457,
  "weights[1][3][2]": -0.06641983985900879,
  "weights[1][3][0]": 0.06193673610687256,
  "weights[1][3][4]": 0.07812619209289551,
  "weights[1][0][3]": 0.2579367160797119,
  "weights[2][0][1]": 0.8407089710235596,
  "weights[1][0][1]": -0.30194389820098877,
  "biases[1][0][0]": 0.689852237701416,
  "weights[2][0][3]": 0.7625910043716431,
  "weights[1][2][1]": -0.8404265642166138,
  "weights[1][2][3]": 0.8075238466262817,
  "biases[1][1][0]": -0.6028543710708618,
  "weights[2][1][3]": 0.3232746124267578,
  "weights[1][1][3]": -0.6725236177444458,
  "biases[2][1][0]": 0.27369415760040283,
  "weights[2][1][1]": -0.8361802101135254,
  "weights[1][1][1]": 0.24885106086730957
}